{
  "mAP50": 0.33967022864988405,
  "mAP50_95": 0.13337248566003876
}
